<ExtensionManifest ExtensionBundleId="Twitch.Markers" ExtensionBundleName="Twitch Markers" ExtensionBundleVersion="1.0" Version="6.0">

	<ExtensionList>
		<Extension Id="twitch.markers.front" Version="1.0" />
	</ExtensionList>

	<ExecutionEnvironment>
	
		<HostList>
			<Host Name="PPRO" Version="[13.0,15.0]" />
		</HostList>
		
		<LocaleList>
			<Locale Code="All" />
		</LocaleList>
		
		<RequiredRuntimeList>
			<RequiredRuntime Name="CSXS" Version="6.0" />
		</RequiredRuntimeList>
		
	</ExecutionEnvironment>
	
	<DispatchInfoList>
	
		<Extension Id="twitch.markers.front">
		
			<DispatchInfo>
				<Resources>
					<MainPath>./Client/index.html</MainPath>
					<ScriptPath>./PP/main.jsxbin</ScriptPath>
				</Resources>
                <Lifecycle>
                    <StartOn>
                        <Event>documentAfterActivate</Event>
                    </StartOn>
                </Lifecycle>
				
				<UI>
					<Type>Modeless</Type>
					<Menu>Twitch Markers</Menu>
					<Geometry>
						<Size>
							<Height>390</Height>
							<Width>390</Width>
						</Size>
						<MinSize>
							<Height>389</Height>
							<Width>390</Width>
						</MinSize>
						<MaxSize>
							<Height>391</Height>
							<Width>390</Width>
						</MaxSize>
					</Geometry>
				</UI>
				
			</DispatchInfo>
			
		</Extension>
		
	</DispatchInfoList>
	
</ExtensionManifest>